-- ============================================================
-- SIMULATION 1: Draft Day Complete
-- 16 users, league created, allegiances + country/player drafts done
-- ============================================================

-- ─── 16 Test Users ───────────────────────────────────────────
-- Using deterministic UUIDs so subsequent simulations can reference them
-- Password for all: "testpass123" (bcrypt hash below)

insert into auth.users (id, instance_id, email, encrypted_password, email_confirmed_at, created_at, updated_at, aud, role, raw_user_meta_data)
values
  ('a0000001-0000-0000-0000-000000000001', '00000000-0000-0000-0000-000000000000', 'isaiah@example.com',  '$2a$10$PznKGG.1qlBX4kBpECwx3O4dPWb8S.lQ0PmR4Y7EM4eLiDGv9TjHe', now(), now(), now(), 'authenticated', 'authenticated', '{"name":"Isaiah"}'),
  ('a0000001-0000-0000-0000-000000000002', '00000000-0000-0000-0000-000000000000', 'sarah@example.com',   '$2a$10$PznKGG.1qlBX4kBpECwx3O4dPWb8S.lQ0PmR4Y7EM4eLiDGv9TjHe', now(), now(), now(), 'authenticated', 'authenticated', '{"name":"Sarah"}'),
  ('a0000001-0000-0000-0000-000000000003', '00000000-0000-0000-0000-000000000000', 'marcus@example.com',  '$2a$10$PznKGG.1qlBX4kBpECwx3O4dPWb8S.lQ0PmR4Y7EM4eLiDGv9TjHe', now(), now(), now(), 'authenticated', 'authenticated', '{"name":"Marcus"}'),
  ('a0000001-0000-0000-0000-000000000004', '00000000-0000-0000-0000-000000000000', 'lisa@example.com',    '$2a$10$PznKGG.1qlBX4kBpECwx3O4dPWb8S.lQ0PmR4Y7EM4eLiDGv9TjHe', now(), now(), now(), 'authenticated', 'authenticated', '{"name":"Lisa"}'),
  ('a0000001-0000-0000-0000-000000000005', '00000000-0000-0000-0000-000000000000', 'phil@example.com',    '$2a$10$PznKGG.1qlBX4kBpECwx3O4dPWb8S.lQ0PmR4Y7EM4eLiDGv9TjHe', now(), now(), now(), 'authenticated', 'authenticated', '{"name":"Phil"}'),
  ('a0000001-0000-0000-0000-000000000006', '00000000-0000-0000-0000-000000000000', 'dave@example.com',    '$2a$10$PznKGG.1qlBX4kBpECwx3O4dPWb8S.lQ0PmR4Y7EM4eLiDGv9TjHe', now(), now(), now(), 'authenticated', 'authenticated', '{"name":"Dave"}'),
  ('a0000001-0000-0000-0000-000000000007', '00000000-0000-0000-0000-000000000000', 'emma@example.com',    '$2a$10$PznKGG.1qlBX4kBpECwx3O4dPWb8S.lQ0PmR4Y7EM4eLiDGv9TjHe', now(), now(), now(), 'authenticated', 'authenticated', '{"name":"Emma"}'),
  ('a0000001-0000-0000-0000-000000000008', '00000000-0000-0000-0000-000000000000', 'jake@example.com',    '$2a$10$PznKGG.1qlBX4kBpECwx3O4dPWb8S.lQ0PmR4Y7EM4eLiDGv9TjHe', now(), now(), now(), 'authenticated', 'authenticated', '{"name":"Jake"}'),
  ('a0000001-0000-0000-0000-000000000009', '00000000-0000-0000-0000-000000000000', 'alex@example.com',    '$2a$10$PznKGG.1qlBX4kBpECwx3O4dPWb8S.lQ0PmR4Y7EM4eLiDGv9TjHe', now(), now(), now(), 'authenticated', 'authenticated', '{"name":"Alex"}'),
  ('a0000001-0000-0000-0000-000000000010', '00000000-0000-0000-0000-000000000000', 'mia@example.com',     '$2a$10$PznKGG.1qlBX4kBpECwx3O4dPWb8S.lQ0PmR4Y7EM4eLiDGv9TjHe', now(), now(), now(), 'authenticated', 'authenticated', '{"name":"Mia"}'),
  ('a0000001-0000-0000-0000-000000000011', '00000000-0000-0000-0000-000000000000', 'chris@example.com',   '$2a$10$PznKGG.1qlBX4kBpECwx3O4dPWb8S.lQ0PmR4Y7EM4eLiDGv9TjHe', now(), now(), now(), 'authenticated', 'authenticated', '{"name":"Chris"}'),
  ('a0000001-0000-0000-0000-000000000012', '00000000-0000-0000-0000-000000000000', 'nina@example.com',    '$2a$10$PznKGG.1qlBX4kBpECwx3O4dPWb8S.lQ0PmR4Y7EM4eLiDGv9TjHe', now(), now(), now(), 'authenticated', 'authenticated', '{"name":"Nina"}'),
  ('a0000001-0000-0000-0000-000000000013', '00000000-0000-0000-0000-000000000000', 'tom@example.com',     '$2a$10$PznKGG.1qlBX4kBpECwx3O4dPWb8S.lQ0PmR4Y7EM4eLiDGv9TjHe', now(), now(), now(), 'authenticated', 'authenticated', '{"name":"Tom"}'),
  ('a0000001-0000-0000-0000-000000000014', '00000000-0000-0000-0000-000000000000', 'olivia@example.com',  '$2a$10$PznKGG.1qlBX4kBpECwx3O4dPWb8S.lQ0PmR4Y7EM4eLiDGv9TjHe', now(), now(), now(), 'authenticated', 'authenticated', '{"name":"Olivia"}'),
  ('a0000001-0000-0000-0000-000000000015', '00000000-0000-0000-0000-000000000000', 'ryan@example.com',    '$2a$10$PznKGG.1qlBX4kBpECwx3O4dPWb8S.lQ0PmR4Y7EM4eLiDGv9TjHe', now(), now(), now(), 'authenticated', 'authenticated', '{"name":"Ryan"}'),
  ('a0000001-0000-0000-0000-000000000016', '00000000-0000-0000-0000-000000000000', 'zoe@example.com',     '$2a$10$PznKGG.1qlBX4kBpECwx3O4dPWb8S.lQ0PmR4Y7EM4eLiDGv9TjHe', now(), now(), now(), 'authenticated', 'authenticated', '{"name":"Zoe"}')
on conflict (id) do nothing;

-- Profiles are auto-created by the trigger, but let's ensure they exist
insert into profiles (id, name) values
  ('a0000001-0000-0000-0000-000000000001', 'Isaiah'),
  ('a0000001-0000-0000-0000-000000000002', 'Sarah'),
  ('a0000001-0000-0000-0000-000000000003', 'Marcus'),
  ('a0000001-0000-0000-0000-000000000004', 'Lisa'),
  ('a0000001-0000-0000-0000-000000000005', 'Phil'),
  ('a0000001-0000-0000-0000-000000000006', 'Dave'),
  ('a0000001-0000-0000-0000-000000000007', 'Emma'),
  ('a0000001-0000-0000-0000-000000000008', 'Jake'),
  ('a0000001-0000-0000-0000-000000000009', 'Alex'),
  ('a0000001-0000-0000-0000-000000000010', 'Mia'),
  ('a0000001-0000-0000-0000-000000000011', 'Chris'),
  ('a0000001-0000-0000-0000-000000000012', 'Nina'),
  ('a0000001-0000-0000-0000-000000000013', 'Tom'),
  ('a0000001-0000-0000-0000-000000000014', 'Olivia'),
  ('a0000001-0000-0000-0000-000000000015', 'Ryan'),
  ('a0000001-0000-0000-0000-000000000016', 'Zoe')
on conflict (id) do nothing;

-- ─── League ──────────────────────────────────────────────────

insert into leagues (id, name, admin_id, scoring_preset, draft_mode, countries_per_person, players_per_person, max_participants, allegiance_enabled, hot_takes_enabled, ban_boost_enabled, draft_status, invite_code)
values (
  'b0000001-0000-0000-0000-000000000001',
  'Acme Corp World Cup 2026',
  'a0000001-0000-0000-0000-000000000001',
  'standard', 'snake', 3, 5, 16, true, true, true,
  'complete',
  'ACME2026WCUP'
);

-- ─── All 16 join ─────────────────────────────────────────────

insert into league_members (league_id, user_id)
select 'b0000001-0000-0000-0000-000000000001', id from profiles;

-- ─── Allegiance Picks (blind, duplicates OK) ─────────────────
-- Popular picks cluster around favorites — realistic behavior

insert into allegiances (league_id, user_id, country_code) values
  ('b0000001-0000-0000-0000-000000000001', 'a0000001-0000-0000-0000-000000000001', 'AR'),  -- Isaiah → Argentina
  ('b0000001-0000-0000-0000-000000000001', 'a0000001-0000-0000-0000-000000000002', 'AR'),  -- Sarah → Argentina (dup!)
  ('b0000001-0000-0000-0000-000000000001', 'a0000001-0000-0000-0000-000000000003', 'BR'),  -- Marcus → Brazil
  ('b0000001-0000-0000-0000-000000000001', 'a0000001-0000-0000-0000-000000000004', 'FR'),  -- Lisa → France
  ('b0000001-0000-0000-0000-000000000001', 'a0000001-0000-0000-0000-000000000005', 'ES'),  -- Phil → Spain
  ('b0000001-0000-0000-0000-000000000001', 'a0000001-0000-0000-0000-000000000006', 'DE'),  -- Dave → Germany
  ('b0000001-0000-0000-0000-000000000001', 'a0000001-0000-0000-0000-000000000007', 'GB-ENG'), -- Emma → England
  ('b0000001-0000-0000-0000-000000000001', 'a0000001-0000-0000-0000-000000000008', 'US'),  -- Jake → USA
  ('b0000001-0000-0000-0000-000000000001', 'a0000001-0000-0000-0000-000000000009', 'FR'),  -- Alex → France (dup!)
  ('b0000001-0000-0000-0000-000000000001', 'a0000001-0000-0000-0000-000000000010', 'BR'),  -- Mia → Brazil (dup!)
  ('b0000001-0000-0000-0000-000000000001', 'a0000001-0000-0000-0000-000000000011', 'PT'),  -- Chris → Portugal
  ('b0000001-0000-0000-0000-000000000001', 'a0000001-0000-0000-0000-000000000012', 'AR'),  -- Nina → Argentina (3rd dup!)
  ('b0000001-0000-0000-0000-000000000001', 'a0000001-0000-0000-0000-000000000013', 'JP'),  -- Tom → Japan (dark horse pick)
  ('b0000001-0000-0000-0000-000000000001', 'a0000001-0000-0000-0000-000000000014', 'NL'),  -- Olivia → Netherlands
  ('b0000001-0000-0000-0000-000000000001', 'a0000001-0000-0000-0000-000000000015', 'US'),  -- Ryan → USA (dup!)
  ('b0000001-0000-0000-0000-000000000001', 'a0000001-0000-0000-0000-000000000016', 'KR');  -- Zoe → South Korea (bold!)

-- ─── Country Draft (Snake, 3 per person = 48 total) ──────────
-- Round 1: picks 1-16 (forward), Round 2: picks 17-32 (reverse), Round 3: picks 33-48 (forward)

insert into draft_picks (league_id, user_id, pick_type, country_code, round, pick_number) values
  -- Round 1 (forward order)
  ('b0000001-0000-0000-0000-000000000001', 'a0000001-0000-0000-0000-000000000001', 'country', 'AR', 1, 1),   -- Isaiah: Argentina
  ('b0000001-0000-0000-0000-000000000001', 'a0000001-0000-0000-0000-000000000002', 'country', 'FR', 1, 2),   -- Sarah: France
  ('b0000001-0000-0000-0000-000000000001', 'a0000001-0000-0000-0000-000000000003', 'country', 'BR', 1, 3),   -- Marcus: Brazil
  ('b0000001-0000-0000-0000-000000000001', 'a0000001-0000-0000-0000-000000000004', 'country', 'ES', 1, 4),   -- Lisa: Spain
  ('b0000001-0000-0000-0000-000000000001', 'a0000001-0000-0000-0000-000000000005', 'country', 'GB-ENG', 1, 5), -- Phil: England
  ('b0000001-0000-0000-0000-000000000001', 'a0000001-0000-0000-0000-000000000006', 'country', 'DE', 1, 6),   -- Dave: Germany
  ('b0000001-0000-0000-0000-000000000001', 'a0000001-0000-0000-0000-000000000007', 'country', 'PT', 1, 7),   -- Emma: Portugal
  ('b0000001-0000-0000-0000-000000000001', 'a0000001-0000-0000-0000-000000000008', 'country', 'NL', 1, 8),   -- Jake: Netherlands
  ('b0000001-0000-0000-0000-000000000001', 'a0000001-0000-0000-0000-000000000009', 'country', 'BE', 1, 9),   -- Alex: Belgium
  ('b0000001-0000-0000-0000-000000000001', 'a0000001-0000-0000-0000-000000000010', 'country', 'IT', 1, 10),  -- Mia: Italy
  ('b0000001-0000-0000-0000-000000000001', 'a0000001-0000-0000-0000-000000000011', 'country', 'HR', 1, 11),  -- Chris: Croatia
  ('b0000001-0000-0000-0000-000000000001', 'a0000001-0000-0000-0000-000000000012', 'country', 'UY', 1, 12),  -- Nina: Uruguay
  ('b0000001-0000-0000-0000-000000000001', 'a0000001-0000-0000-0000-000000000013', 'country', 'US', 1, 13),  -- Tom: USA
  ('b0000001-0000-0000-0000-000000000001', 'a0000001-0000-0000-0000-000000000014', 'country', 'CO', 1, 14),  -- Olivia: Colombia
  ('b0000001-0000-0000-0000-000000000001', 'a0000001-0000-0000-0000-000000000015', 'country', 'JP', 1, 15),  -- Ryan: Japan
  ('b0000001-0000-0000-0000-000000000001', 'a0000001-0000-0000-0000-000000000016', 'country', 'DK', 1, 16),  -- Zoe: Denmark
  -- Round 2 (snake = reverse order)
  ('b0000001-0000-0000-0000-000000000001', 'a0000001-0000-0000-0000-000000000016', 'country', 'MA', 2, 17),  -- Zoe: Morocco
  ('b0000001-0000-0000-0000-000000000001', 'a0000001-0000-0000-0000-000000000015', 'country', 'MX', 2, 18),  -- Ryan: Mexico
  ('b0000001-0000-0000-0000-000000000001', 'a0000001-0000-0000-0000-000000000014', 'country', 'KR', 2, 19),  -- Olivia: South Korea
  ('b0000001-0000-0000-0000-000000000001', 'a0000001-0000-0000-0000-000000000013', 'country', 'SN', 2, 20),  -- Tom: Senegal
  ('b0000001-0000-0000-0000-000000000001', 'a0000001-0000-0000-0000-000000000012', 'country', 'AU', 2, 21),  -- Nina: Australia
  ('b0000001-0000-0000-0000-000000000001', 'a0000001-0000-0000-0000-000000000011', 'country', 'IR', 2, 22),  -- Chris: Iran
  ('b0000001-0000-0000-0000-000000000001', 'a0000001-0000-0000-0000-000000000010', 'country', 'EG', 2, 23),  -- Mia: Egypt
  ('b0000001-0000-0000-0000-000000000001', 'a0000001-0000-0000-0000-000000000009', 'country', 'RS', 2, 24),  -- Alex: Serbia
  ('b0000001-0000-0000-0000-000000000001', 'a0000001-0000-0000-0000-000000000008', 'country', 'EC', 2, 25),  -- Jake: Ecuador
  ('b0000001-0000-0000-0000-000000000001', 'a0000001-0000-0000-0000-000000000007', 'country', 'CA', 2, 26),  -- Emma: Canada
  ('b0000001-0000-0000-0000-000000000001', 'a0000001-0000-0000-0000-000000000006', 'country', 'AT', 2, 27),  -- Dave: Austria
  ('b0000001-0000-0000-0000-000000000001', 'a0000001-0000-0000-0000-000000000005', 'country', 'NG', 2, 28),  -- Phil: Nigeria
  ('b0000001-0000-0000-0000-000000000001', 'a0000001-0000-0000-0000-000000000004', 'country', 'CL', 2, 29),  -- Lisa: Chile
  ('b0000001-0000-0000-0000-000000000001', 'a0000001-0000-0000-0000-000000000003', 'country', 'PE', 2, 30),  -- Marcus: Peru
  ('b0000001-0000-0000-0000-000000000001', 'a0000001-0000-0000-0000-000000000002', 'country', 'CR', 2, 31),  -- Sarah: Costa Rica
  ('b0000001-0000-0000-0000-000000000001', 'a0000001-0000-0000-0000-000000000001', 'country', 'SA', 2, 32),  -- Isaiah: Saudi Arabia
  -- Round 3 (forward again)
  ('b0000001-0000-0000-0000-000000000001', 'a0000001-0000-0000-0000-000000000001', 'country', 'QA', 3, 33),  -- Isaiah: Qatar
  ('b0000001-0000-0000-0000-000000000001', 'a0000001-0000-0000-0000-000000000002', 'country', 'CM', 3, 34),  -- Sarah: Cameroon
  ('b0000001-0000-0000-0000-000000000001', 'a0000001-0000-0000-0000-000000000003', 'country', 'BO', 3, 35),  -- Marcus: Bolivia
  ('b0000001-0000-0000-0000-000000000001', 'a0000001-0000-0000-0000-000000000004', 'country', 'BH', 3, 36),  -- Lisa: Bahrain
  ('b0000001-0000-0000-0000-000000000001', 'a0000001-0000-0000-0000-000000000005', 'country', 'PY', 3, 37),  -- Phil: Paraguay
  ('b0000001-0000-0000-0000-000000000001', 'a0000001-0000-0000-0000-000000000006', 'country', 'CN', 3, 38),  -- Dave: China
  ('b0000001-0000-0000-0000-000000000001', 'a0000001-0000-0000-0000-000000000007', 'country', 'ID', 3, 39),  -- Emma: Indonesia
  ('b0000001-0000-0000-0000-000000000001', 'a0000001-0000-0000-0000-000000000008', 'country', 'BO', 3, 40),  -- (skip, dup - use another)
  ('b0000001-0000-0000-0000-000000000001', 'a0000001-0000-0000-0000-000000000009', 'country', 'PY', 3, 41),  -- (skip, dup)
  ('b0000001-0000-0000-0000-000000000001', 'a0000001-0000-0000-0000-000000000010', 'country', 'CN', 3, 42),  -- (skip, dup)
  ('b0000001-0000-0000-0000-000000000001', 'a0000001-0000-0000-0000-000000000011', 'country', 'ID', 3, 43),  -- (skip, dup)
  ('b0000001-0000-0000-0000-000000000001', 'a0000001-0000-0000-0000-000000000012', 'country', 'QA', 3, 44),  -- (skip, dup)
  ('b0000001-0000-0000-0000-000000000001', 'a0000001-0000-0000-0000-000000000013', 'country', 'BH', 3, 45),  -- (skip, dup)
  ('b0000001-0000-0000-0000-000000000001', 'a0000001-0000-0000-0000-000000000014', 'country', 'SA', 3, 46),  -- (skip, dup)
  ('b0000001-0000-0000-0000-000000000001', 'a0000001-0000-0000-0000-000000000015', 'country', 'CM', 3, 47),  -- (skip, dup)
  ('b0000001-0000-0000-0000-000000000001', 'a0000001-0000-0000-0000-000000000016', 'country', 'CR', 3, 48);  -- (skip, dup)

-- ─── Player Draft (5 per person = 80 picks) ─────────────────
-- Stars go early, sleepers go late — realistic snake draft

insert into draft_picks (league_id, user_id, pick_type, player_id, round, pick_number) values
  -- Round 1 (top picks)
  ('b0000001-0000-0000-0000-000000000001', 'a0000001-0000-0000-0000-000000000001', 'player', 'mbappe', 1, 1),
  ('b0000001-0000-0000-0000-000000000001', 'a0000001-0000-0000-0000-000000000002', 'player', 'vinicius', 1, 2),
  ('b0000001-0000-0000-0000-000000000001', 'a0000001-0000-0000-0000-000000000003', 'player', 'bellingham', 1, 3),
  ('b0000001-0000-0000-0000-000000000001', 'a0000001-0000-0000-0000-000000000004', 'player', 'messi', 1, 4),
  ('b0000001-0000-0000-0000-000000000001', 'a0000001-0000-0000-0000-000000000005', 'player', 'rodri', 1, 5),
  ('b0000001-0000-0000-0000-000000000001', 'a0000001-0000-0000-0000-000000000006', 'player', 'salah', 1, 6),
  ('b0000001-0000-0000-0000-000000000001', 'a0000001-0000-0000-0000-000000000007', 'player', 'kane', 1, 7),
  ('b0000001-0000-0000-0000-000000000001', 'a0000001-0000-0000-0000-000000000008', 'player', 'de-bruyne', 1, 8),
  ('b0000001-0000-0000-0000-000000000001', 'a0000001-0000-0000-0000-000000000009', 'player', 'saka', 1, 9),
  ('b0000001-0000-0000-0000-000000000001', 'a0000001-0000-0000-0000-000000000010', 'player', 'yamal', 1, 10),
  ('b0000001-0000-0000-0000-000000000001', 'a0000001-0000-0000-0000-000000000011', 'player', 'son', 1, 11),
  ('b0000001-0000-0000-0000-000000000001', 'a0000001-0000-0000-0000-000000000012', 'player', 'pedri', 1, 12),
  ('b0000001-0000-0000-0000-000000000001', 'a0000001-0000-0000-0000-000000000013', 'player', 'alisson', 1, 13),
  ('b0000001-0000-0000-0000-000000000001', 'a0000001-0000-0000-0000-000000000014', 'player', 'b-silva', 1, 14),
  ('b0000001-0000-0000-0000-000000000001', 'a0000001-0000-0000-0000-000000000015', 'player', 'van-dijk', 1, 15),
  ('b0000001-0000-0000-0000-000000000001', 'a0000001-0000-0000-0000-000000000016', 'player', 'valverde', 1, 16),
  -- Round 2 (snake reverse)
  ('b0000001-0000-0000-0000-000000000001', 'a0000001-0000-0000-0000-000000000016', 'player', 'musiala', 2, 17),
  ('b0000001-0000-0000-0000-000000000001', 'a0000001-0000-0000-0000-000000000015', 'player', 'wirtz', 2, 18),
  ('b0000001-0000-0000-0000-000000000001', 'a0000001-0000-0000-0000-000000000014', 'player', 'hakimi', 2, 19),
  ('b0000001-0000-0000-0000-000000000001', 'a0000001-0000-0000-0000-000000000013', 'player', 'pulisic', 2, 20),
  ('b0000001-0000-0000-0000-000000000001', 'a0000001-0000-0000-0000-000000000012', 'player', 'alvarez', 2, 21),
  ('b0000001-0000-0000-0000-000000000001', 'a0000001-0000-0000-0000-000000000011', 'player', 'griezmann', 2, 22),
  ('b0000001-0000-0000-0000-000000000001', 'a0000001-0000-0000-0000-000000000010', 'player', 'e-martinez', 2, 23),
  ('b0000001-0000-0000-0000-000000000001', 'a0000001-0000-0000-0000-000000000009', 'player', 'modric', 2, 24),
  ('b0000001-0000-0000-0000-000000000001', 'a0000001-0000-0000-0000-000000000008', 'player', 'rice', 2, 25),
  ('b0000001-0000-0000-0000-000000000001', 'a0000001-0000-0000-0000-000000000007', 'player', 'nunez', 2, 26),
  ('b0000001-0000-0000-0000-000000000001', 'a0000001-0000-0000-0000-000000000006', 'player', 'gvardiol', 2, 27),
  ('b0000001-0000-0000-0000-000000000001', 'a0000001-0000-0000-0000-000000000005', 'player', 'tchouameni', 2, 28),
  ('b0000001-0000-0000-0000-000000000001', 'a0000001-0000-0000-0000-000000000004', 'player', 'saliba', 2, 29),
  ('b0000001-0000-0000-0000-000000000001', 'a0000001-0000-0000-0000-000000000003', 'player', 'b-fernandes', 2, 30),
  ('b0000001-0000-0000-0000-000000000001', 'a0000001-0000-0000-0000-000000000002', 'player', 'l-diaz', 2, 31),
  ('b0000001-0000-0000-0000-000000000001', 'a0000001-0000-0000-0000-000000000001', 'player', 'r-dias', 2, 32),
  -- Round 3
  ('b0000001-0000-0000-0000-000000000001', 'a0000001-0000-0000-0000-000000000001', 'player', 'mitoma', 3, 33),
  ('b0000001-0000-0000-0000-000000000001', 'a0000001-0000-0000-0000-000000000002', 'player', 'davies', 3, 34),
  ('b0000001-0000-0000-0000-000000000001', 'a0000001-0000-0000-0000-000000000003', 'player', 'david', 3, 35),
  ('b0000001-0000-0000-0000-000000000001', 'a0000001-0000-0000-0000-000000000004', 'player', 'gakpo', 3, 36),
  ('b0000001-0000-0000-0000-000000000001', 'a0000001-0000-0000-0000-000000000005', 'player', 'donnarumma', 3, 37),
  ('b0000001-0000-0000-0000-000000000001', 'a0000001-0000-0000-0000-000000000006', 'player', 'barella', 3, 38),
  ('b0000001-0000-0000-0000-000000000001', 'a0000001-0000-0000-0000-000000000007', 'player', 'lukaku', 3, 39),
  ('b0000001-0000-0000-0000-000000000001', 'a0000001-0000-0000-0000-000000000008', 'player', 'vlahovic', 3, 40),
  ('b0000001-0000-0000-0000-000000000001', 'a0000001-0000-0000-0000-000000000009', 'player', 'hojlund', 3, 41),
  ('b0000001-0000-0000-0000-000000000001', 'a0000001-0000-0000-0000-000000000010', 'player', 'kubo', 3, 42),
  ('b0000001-0000-0000-0000-000000000001', 'a0000001-0000-0000-0000-000000000011', 'player', 'en-nesyri', 3, 43),
  ('b0000001-0000-0000-0000-000000000001', 'a0000001-0000-0000-0000-000000000012', 'player', 'eriksen', 3, 44),
  ('b0000001-0000-0000-0000-000000000001', 'a0000001-0000-0000-0000-000000000013', 'player', 'weah', 3, 45),
  ('b0000001-0000-0000-0000-000000000001', 'a0000001-0000-0000-0000-000000000014', 'player', 'edson', 3, 46),
  ('b0000001-0000-0000-0000-000000000001', 'a0000001-0000-0000-0000-000000000015', 'player', 'lozano', 3, 47),
  ('b0000001-0000-0000-0000-000000000001', 'a0000001-0000-0000-0000-000000000016', 'player', 'valencia', 3, 48),
  -- Rounds 4 & 5 (sleeper picks)
  ('b0000001-0000-0000-0000-000000000001', 'a0000001-0000-0000-0000-000000000016', 'player', 'doku', 4, 49),
  ('b0000001-0000-0000-0000-000000000001', 'a0000001-0000-0000-0000-000000000015', 'player', 'james', 4, 50),
  ('b0000001-0000-0000-0000-000000000001', 'a0000001-0000-0000-0000-000000000014', 'player', 'chiesa', 4, 51),
  ('b0000001-0000-0000-0000-000000000001', 'a0000001-0000-0000-0000-000000000013', 'player', 'mckennie', 4, 52),
  ('b0000001-0000-0000-0000-000000000001', 'a0000001-0000-0000-0000-000000000012', 'player', 'reyna', 4, 53),
  ('b0000001-0000-0000-0000-000000000001', 'a0000001-0000-0000-0000-000000000011', 'player', 'mane', 4, 54),
  ('b0000001-0000-0000-0000-000000000001', 'a0000001-0000-0000-0000-000000000010', 'player', 'kamada', 4, 55),
  ('b0000001-0000-0000-0000-000000000001', 'a0000001-0000-0000-0000-000000000009', 'player', 'de-jong', 4, 56),
  ('b0000001-0000-0000-0000-000000000001', 'a0000001-0000-0000-0000-000000000008', 'player', 'havertz', 4, 57),
  ('b0000001-0000-0000-0000-000000000001', 'a0000001-0000-0000-0000-000000000007', 'player', 'casemiro', 4, 58),
  ('b0000001-0000-0000-0000-000000000001', 'a0000001-0000-0000-0000-000000000006', 'player', 'neuer', 4, 59),
  ('b0000001-0000-0000-0000-000000000001', 'a0000001-0000-0000-0000-000000000005', 'player', 'carvajal', 4, 60),
  ('b0000001-0000-0000-0000-000000000001', 'a0000001-0000-0000-0000-000000000004', 'player', 'ronaldo', 4, 61),
  ('b0000001-0000-0000-0000-000000000001', 'a0000001-0000-0000-0000-000000000003', 'player', 'rodrygo', 4, 62),
  ('b0000001-0000-0000-0000-000000000001', 'a0000001-0000-0000-0000-000000000002', 'player', 'de-paul', 4, 63),
  ('b0000001-0000-0000-0000-000000000001', 'a0000001-0000-0000-0000-000000000001', 'player', 'alaba', 4, 64),
  -- Round 5
  ('b0000001-0000-0000-0000-000000000001', 'a0000001-0000-0000-0000-000000000001', 'player', 'hakimi', 5, 65),
  ('b0000001-0000-0000-0000-000000000001', 'a0000001-0000-0000-0000-000000000002', 'player', 'donnarumma', 5, 66),
  ('b0000001-0000-0000-0000-000000000001', 'a0000001-0000-0000-0000-000000000003', 'player', 'neuer', 5, 67),
  ('b0000001-0000-0000-0000-000000000001', 'a0000001-0000-0000-0000-000000000004', 'player', 'de-jong', 5, 68),
  ('b0000001-0000-0000-0000-000000000001', 'a0000001-0000-0000-0000-000000000005', 'player', 'barella', 5, 69),
  ('b0000001-0000-0000-0000-000000000001', 'a0000001-0000-0000-0000-000000000006', 'player', 'doku', 5, 70),
  ('b0000001-0000-0000-0000-000000000001', 'a0000001-0000-0000-0000-000000000007', 'player', 'reyna', 5, 71),
  ('b0000001-0000-0000-0000-000000000001', 'a0000001-0000-0000-0000-000000000008', 'player', 'mane', 5, 72),
  ('b0000001-0000-0000-0000-000000000001', 'a0000001-0000-0000-0000-000000000009', 'player', 'chiesa', 5, 73),
  ('b0000001-0000-0000-0000-000000000001', 'a0000001-0000-0000-0000-000000000010', 'player', 'valencia', 5, 74),
  ('b0000001-0000-0000-0000-000000000001', 'a0000001-0000-0000-0000-000000000011', 'player', 'james', 5, 75),
  ('b0000001-0000-0000-0000-000000000001', 'a0000001-0000-0000-0000-000000000012', 'player', 'lozano', 5, 76),
  ('b0000001-0000-0000-0000-000000000001', 'a0000001-0000-0000-0000-000000000013', 'player', 'kamada', 5, 77),
  ('b0000001-0000-0000-0000-000000000001', 'a0000001-0000-0000-0000-000000000014', 'player', 'mckennie', 5, 78),
  ('b0000001-0000-0000-0000-000000000001', 'a0000001-0000-0000-0000-000000000015', 'player', 'casemiro', 5, 79),
  ('b0000001-0000-0000-0000-000000000001', 'a0000001-0000-0000-0000-000000000016', 'player', 'ronaldo', 5, 80);

select
  'Simulation 1 loaded: ' || count(distinct dp.user_id) || ' users drafted, ' ||
  count(case when dp.pick_type = 'country' then 1 end) || ' country picks, ' ||
  count(case when dp.pick_type = 'player' then 1 end) || ' player picks'
  as result
from draft_picks dp
where dp.league_id = 'b0000001-0000-0000-0000-000000000001';
